{
	"class_name" : "PinholeCameraParameters",
	"extrinsic" : 
	[
		0.89264568532998956,
		-0.14165931992200076,
		0.42792092440191509,
		0.0,
		-0.41116542937738065,
		0.1331753020971175,
		0.90178008882224492,
		0.0,
		-0.18473405248266347,
		-0.98091639602495073,
		0.060632943708472685,
		0.0,
		45.148250697825382,
		-8.2217598891052539,
		28.066291767781035,
		1.0
	],
	"intrinsic" : 
	{
		"height" : 1080,
		"intrinsic_matrix" : 
		[
			935.30743608719376,
			0.0,
			0.0,
			0.0,
			935.30743608719376,
			0.0,
			959.5,
			539.5,
			1.0
		],
		"width" : 1920
	},
	"version_major" : 1,
	"version_minor" : 0
}